{"cameraMode":{"drawMode":0,"name":"Shaded","section":"Shading Mode"},"sceneLighting":false,"audioPlay":false,"sceneViewState":{"m_AlwaysRefresh":false,"showFog":true,"showSkybox":false,"showFlares":true,"showImageEffects":true,"showParticleSystems":true,"showVisualEffectGraphs":true,"m_FxEnabled":true},"in2DMode":false,"pivot":{"x":-0.07950380444526673,"y":0.025226682424545289,"z":0.21000000834465028},"rotation":{"x":0.22927317023277284,"y":0.1280483901500702,"z":-0.03044104389846325,"w":0.9644232988357544},"size":0.5508137941360474,"orthographic":false}